id_n;gender;img_name;morph_level;resp_happy;RT;subjectID
1;0;Fig_1.png;1;1;2,322302204706588;1
1;0;Fig_1.png;1;1;1,314968759845462;1
1;0;Fig_1.png;1;1;0,762793138680821;1
1;0;Fig_1.png;1;1;1,057824260658710;1
1;0;Fig_1.png;1;1;1,219204179938107;1
1;0;Fig_2.png;2;1;1,281729140329131;1
1;0;Fig_2.png;2;1;1,095820103620457;1
1;0;Fig_2.png;2;1;1,526637517977142;1
1;0;Fig_2.png;2;1;1,034158159228684;1
1;0;Fig_2.png;2;1;0,787999672314699;1
1;0;Fig_3.png;3;1;0,649899056163647;1
1;0;Fig_3.png;3;1;2,504516724148507;1
1;0;Fig_3.png;3;1;0,933475059030758;1
1;0;Fig_3.png;3;1;0,768172991553512;1
1;0;Fig_3.png;3;1;1,461957995531656;1
1;0;Fig_4.png;4;1;0,693120146230087;1
1;0;Fig_4.png;4;1;0,471071387503736;1
1;0;Fig_4.png;4;1;1,989926189596879;1
1;0;Fig_4.png;4;1;0,941309862855035;1
1;0;Fig_4.png;4;1;1,497559578934569;1
1;0;Fig_5.png;5;1;1,545862918528650;1
1;0;Fig_5.png;5;1;1,651379388068395;1
1;0;Fig_5.png;5;1;0,483555763910009;1
1;0;Fig_5.png;5;1;1,804442737075654;1
1;0;Fig_5.png;5;1;2,212177554042667;1
1;0;Fig_6.png;6;1;1,415161076792097;1
1;0;Fig_6.png;6;1;0,748545848886035;1
1;0;Fig_6.png;6;1;2,256895883649398;1
1;0;Fig_6.png;6;0;1,638902871868858;1
1;0;Fig_6.png;6;1;0,322174879152660;1
1;0;Fig_7.png;7;1;1,337102388222738;1
1;0;Fig_7.png;7;1;0,975517789282135;1
1;0;Fig_7.png;7;1;1,301701694942149;1
1;0;Fig_7.png;7;1;0,643410164173437;1
1;0;Fig_7.png;7;0;4,442504983160415;1
1;0;Fig_8.png;8;1;1,569267215269409;1
1;0;Fig_8.png;8;1;0,520198042228982;1
1;0;Fig_8.png;8;1;1,182049231404324;1
1;0;Fig_8.png;8;1;0,564909325591441;1
1;0;Fig_8.png;8;0;0,864305428212828;1
1;0;Fig_9.png;9;1;3,190348733048873;1
1;0;Fig_9.png;9;1;3,064380642374370;1
1;0;Fig_9.png;9;1;0,486487166692190;1
1;0;Fig_9.png;9;0;3,355126906623242;1
1;0;Fig_9.png;9;0;0,948628334422429;1
1;0;Fig_10.png;10;1;0,734609268778676;1
1;0;Fig_10.png;10;1;0,858851574654542;1
1;0;Fig_10.png;10;0;0,806253672875139;1
1;0;Fig_10.png;10;0;0,534612736754891;1
1;0;Fig_10.png;10;0;3,860752074757645;1
1;0;Fig_11.png;11;0;0,997695427936834;1
1;0;Fig_11.png;11;0;1,799529952446299;1
1;0;Fig_11.png;11;0;2,037273364444699;1
1;0;Fig_11.png;11;0;2,050041722456221;1
1;0;Fig_11.png;11;0;1,135921146970051;1
1;0;Fig_12.png;12;0;3,138580677456330;1
1;0;Fig_12.png;12;0;1,140269750742854;1
1;0;Fig_12.png;12;1;1,427221293496873;1
1;0;Fig_12.png;12;0;1,199804579644258;1
1;0;Fig_12.png;12;0;1,416872653494892;1
1;0;Fig_13.png;13;0;1,100938156734646;1
1;0;Fig_13.png;13;0;0,986648847885144;1
1;0;Fig_13.png;13;0;0,823600405906697;1
1;0;Fig_13.png;13;0;0,961504875762172;1
1;0;Fig_13.png;13;0;1,075533365631362;1
1;0;Fig_14.png;14;0;0,880427513114716;1
1;0;Fig_14.png;14;0;1,955581733213850;1
1;0;Fig_14.png;14;0;0,914638778343205;1
1;0;Fig_14.png;14;0;2,534834400542706;1
1;0;Fig_14.png;14;0;1,589055449996003;1
1;0;Fig_15.png;15;0;1,754733747952981;1
1;0;Fig_15.png;15;0;1,964316482696233;1
1;0;Fig_15.png;15;0;2,433254257601737;1
1;0;Fig_15.png;15;0;0,714696062378864;1
1;0;Fig_15.png;15;0;1,502479558620132;1
1;0;Fig_16.png;16;0;1,359566865505939;1
1;0;Fig_16.png;16;0;1,156007219326514;1
1;0;Fig_16.png;16;0;0,522967635222159;1
1;0;Fig_16.png;16;0;1,298298787866808;1
1;0;Fig_16.png;16;0;2,976855714007997;1
1;0;Fig_17.png;17;0;0,596603170803334;1
1;0;Fig_17.png;17;0;1,536049045033333;1
1;0;Fig_17.png;17;0;0,943201049041252;1
1;0;Fig_17.png;17;0;0,537470080201641;1
1;0;Fig_17.png;17;0;1,648627535660562;1
1;0;Fig_18.png;18;0;1,101342142165676;1
1;0;Fig_18.png;18;0;0,817667279241152;1
1;0;Fig_18.png;18;0;0,841777591909810;1
1;0;Fig_18.png;18;0;1,604922330366735;1
1;0;Fig_18.png;18;0;1,615768161743748;1
1;0;Fig_19.png;19;0;1,042285669827448;1
1;0;Fig_19.png;19;0;1,337998635361435;1
1;0;Fig_19.png;19;0;1,152393546450916;1
1;0;Fig_19.png;19;0;0,824447999386190;1
1;0;Fig_19.png;19;0;0,624449714271509;1
1;0;Fig_20.png;20;0;1,067527862889593;1
1;0;Fig_20.png;20;0;1,117777374464732;1
1;0;Fig_20.png;20;0;0,776481576967657;1
1;0;Fig_20.png;20;0;1,184242346690426;1
1;0;Fig_20.png;20;0;1,116450603348005;1
1;0;Fig_21.png;21;0;0,832938701554806;1
1;0;Fig_21.png;21;0;1,514842690108557;1
1;0;Fig_21.png;21;0;1,759400270214906;1
1;0;Fig_21.png;21;0;1,464173892401524;1
1;0;Fig_21.png;21;0;0,869803345227110;1
1;0;Fig_1.png;1;1;1,260051050618773;2
1;0;Fig_1.png;1;1;1,160457499587616;2
1;0;Fig_1.png;1;0;0,903511613456296;2
1;0;Fig_1.png;1;1;1,090232810917839;2
1;0;Fig_1.png;1;1;0,797941997342360;2
1;0;Fig_2.png;2;1;2,061849093874708;2
1;0;Fig_2.png;2;1;0,607104811412710;2
1;0;Fig_2.png;2;1;0,888126335818321;2
1;0;Fig_2.png;2;1;0,875664887504468;2
1;0;Fig_2.png;2;1;2,661892959099659;2
1;0;Fig_3.png;3;1;0,672690144608431;2
1;0;Fig_3.png;3;1;1,498757792154567;2
1;0;Fig_3.png;3;1;1,113290664045016;2
1;0;Fig_3.png;3;1;0,890214631496792;2
1;0;Fig_3.png;3;1;1,348697511273463;2
1;0;Fig_4.png;4;1;1,140460090324430;2
1;0;Fig_4.png;4;1;1,105534352419892;2
1;0;Fig_4.png;4;1;0,838241137814285;2
1;0;Fig_4.png;4;1;1,617610277778388;2
1;0;Fig_4.png;4;1;1,107299886348307;2
1;0;Fig_5.png;5;1;1,037784692333218;2
1;0;Fig_5.png;5;1;1,803248645721916;2
1;0;Fig_5.png;5;1;0,285785856205843;2
1;0;Fig_5.png;5;1;1,180372492668125;2
1;0;Fig_5.png;5;1;0,989211272403259;2
1;0;Fig_6.png;6;1;1,819178716807454;2
1;0;Fig_6.png;6;1;0,891943563255201;2
1;0;Fig_6.png;6;1;0,972921261201779;2
1;0;Fig_6.png;6;1;0,924741048470711;2
1;0;Fig_6.png;6;1;1,286163145042939;2
1;0;Fig_7.png;7;1;0,566761345150452;2
1;0;Fig_7.png;7;1;0,809318531905072;2
1;0;Fig_7.png;7;0;0,848637015992032;2
1;0;Fig_7.png;7;1;0,517361091405853;2
1;0;Fig_7.png;7;1;1,364117113226756;2
1;0;Fig_8.png;8;1;0,988613186703789;2
1;0;Fig_8.png;8;1;2,237251396281655;2
1;0;Fig_8.png;8;1;0,900417516691879;2
1;0;Fig_8.png;8;1;2,327428642225525;2
1;0;Fig_8.png;8;1;2,709620656934884;2
1;0;Fig_9.png;9;1;0,366877188529534;2
1;0;Fig_9.png;9;1;1,013171890082935;2
1;0;Fig_9.png;9;0;0,979263897437211;2
1;0;Fig_9.png;9;1;1,855317588198434;2
1;0;Fig_9.png;9;1;1,179641047998169;2
1;0;Fig_10.png;10;0;1,666232537088785;2
1;0;Fig_10.png;10;1;1,780957212648426;2
1;0;Fig_10.png;10;0;0,531310454237376;2
1;0;Fig_10.png;10;1;0,773494502119316;2
1;0;Fig_10.png;10;1;0,984299493635173;2
1;0;Fig_11.png;11;0;1,197401216365440;2
1;0;Fig_11.png;11;0;1,119454532667392;2
1;0;Fig_11.png;11;0;0,548256702675465;2
1;0;Fig_11.png;11;1;2,073893970468304;2
1;0;Fig_11.png;11;0;1,086478635713316;2
1;0;Fig_12.png;12;0;0,684718522336271;2
1;0;Fig_12.png;12;0;2,034441144358774;2
1;0;Fig_12.png;12;0;0,822219593461503;2
1;0;Fig_12.png;12;0;2,297963550831787;2
1;0;Fig_12.png;12;0;1,523642279257572;2
1;0;Fig_13.png;13;0;0,984728639363846;2
1;0;Fig_13.png;13;0;0,552604282740405;2
1;0;Fig_13.png;13;0;1,513700586708528;2
1;0;Fig_13.png;13;0;0,637329213345850;2
1;0;Fig_13.png;13;0;1,766143786735664;2
1;0;Fig_14.png;14;0;1,351836186468506;2
1;0;Fig_14.png;14;0;1,825468801370260;2
1;0;Fig_14.png;14;0;0,672011195544354;2
1;0;Fig_14.png;14;0;0,804453220520241;2
1;0;Fig_14.png;14;0;0,889288330719534;2
1;0;Fig_15.png;15;0;0,839280381344980;2
1;0;Fig_15.png;15;0;1,491651061907259;2
1;0;Fig_15.png;15;0;1,014928791348661;2
1;0;Fig_15.png;15;0;0,697300989667790;2
1;0;Fig_15.png;15;0;0,896542278281033;2
1;0;Fig_16.png;16;0;0,730680360931829;2
1;0;Fig_16.png;16;0;1,056419683733308;2
1;0;Fig_16.png;16;0;0,841314626134195;2
1;0;Fig_16.png;16;0;1,080257740217134;2
1;0;Fig_16.png;16;0;1,361941724099058;2
1;0;Fig_17.png;17;0;0,907240225633137;2
1;0;Fig_17.png;17;0;0,775200326464685;2
1;0;Fig_17.png;17;0;1,307500856174195;2
1;0;Fig_17.png;17;0;1,069169514719037;2
1;0;Fig_17.png;17;0;0,617896127549266;2
1;0;Fig_18.png;18;0;1,495615050398846;2
1;0;Fig_18.png;18;0;0,750787635654708;2
1;0;Fig_18.png;18;0;0,846174367800359;2
1;0;Fig_18.png;18;0;0,883449078730967;2
1;0;Fig_18.png;18;0;0,681349342107605;2
1;0;Fig_19.png;19;0;1,137288712756555;2
1;0;Fig_19.png;19;0;0,769822477549301;2
1;0;Fig_19.png;19;0;0,494203539658488;2
1;0;Fig_19.png;19;0;0,585780408682649;2
1;0;Fig_19.png;19;0;1,548787260849372;2
1;0;Fig_20.png;20;0;1,251447166596293;2
1;0;Fig_20.png;20;0;0,652040220608546;2
1;0;Fig_20.png;20;0;1,310547030097713;2
1;0;Fig_20.png;20;0;0,841947737977213;2
1;0;Fig_20.png;20;0;1,525113204422560;2
1;0;Fig_21.png;21;0;0,868091295788983;2
1;0;Fig_21.png;21;0;0,966747302365364;2
1;0;Fig_21.png;21;0;0,840316601547517;2
1;0;Fig_21.png;21;0;1,839214033607773;2
1;0;Fig_21.png;21;0;0,811598245058210;2
1;0;Fig_1.png;1;1;0,710741684914684;3
1;0;Fig_1.png;1;1;1,105464143860156;3
1;0;Fig_1.png;1;1;0,719610332779515;3
1;0;Fig_1.png;1;1;1,164845210305192;3
1;0;Fig_1.png;1;1;1,844481802430862;3
1;0;Fig_2.png;2;1;1,546772350101195;3
1;0;Fig_2.png;2;1;1,476069713342206;3
1;0;Fig_2.png;2;1;0,754477296927517;3
1;0;Fig_2.png;2;1;1,045318548345228;3
1;0;Fig_2.png;2;1;1,391936912993693;3
1;0;Fig_3.png;3;1;0,434653167178739;3
1;0;Fig_3.png;3;1;1,400872550116841;3
1;0;Fig_3.png;3;1;0,707150760842877;3
1;0;Fig_3.png;3;1;0,829723706193337;3
1;0;Fig_3.png;3;1;1,299717003637172;3
1;0;Fig_4.png;4;1;0,853753064635087;3
1;0;Fig_4.png;4;1;1,745131856910729;3
1;0;Fig_4.png;4;1;0,489171146377215;3
1;0;Fig_4.png;4;1;0,680879185161739;3
1;0;Fig_4.png;4;1;0,725734127958808;3
1;0;Fig_5.png;5;1;1,403946548900771;3
1;0;Fig_5.png;5;1;1,114906841294539;3
1;0;Fig_5.png;5;1;0,610208474924377;3
1;0;Fig_5.png;5;1;0,731242484342389;3
1;0;Fig_5.png;5;1;0,668836409133480;3
1;0;Fig_6.png;6;1;0,740934164901215;3
1;0;Fig_6.png;6;1;0,869762420590450;3
1;0;Fig_6.png;6;1;0,719221711526405;3
1;0;Fig_6.png;6;1;1,406888063015416;3
1;0;Fig_6.png;6;1;0,724030088196592;3
1;0;Fig_7.png;7;1;1,325163440382348;3
1;0;Fig_7.png;7;1;1,342461000088658;3
1;0;Fig_7.png;7;1;1,098166279808352;3
1;0;Fig_7.png;7;1;0,595181882654672;3
1;0;Fig_7.png;7;1;1,175239632431329;3
1;0;Fig_8.png;8;1;1,090540840045981;3
1;0;Fig_8.png;8;1;0,940908555273230;3
1;0;Fig_8.png;8;0;0,650236288548998;3
1;0;Fig_8.png;8;1;1,176647801159192;3
1;0;Fig_8.png;8;1;0,465985379846245;3
1;0;Fig_9.png;9;1;0,973919470406139;3
1;0;Fig_9.png;9;0;0,520410235239973;3
1;0;Fig_9.png;9;1;0,941377959018446;3
1;0;Fig_9.png;9;1;1,360332242123799;3
1;0;Fig_9.png;9;1;0,686953120845763;3
1;0;Fig_10.png;10;0;1,462769554297819;3
1;0;Fig_10.png;10;0;1,172351661288034;3
1;0;Fig_10.png;10;0;0,803829253571897;3
1;0;Fig_10.png;10;0;2,125986060103156;3
1;0;Fig_10.png;10;0;2,550674921803564;3
1;0;Fig_11.png;11;0;2,154127403404184;3
1;0;Fig_11.png;11;0;1,590625292973831;3
1;0;Fig_11.png;11;0;0,953975013797199;3
1;0;Fig_11.png;11;1;1,752151520660130;3
1;0;Fig_11.png;11;0;0,732200784184425;3
1;0;Fig_12.png;12;0;1,302926332321741;3
1;0;Fig_12.png;12;0;1,190124635004534;3
1;0;Fig_12.png;12;1;0,788617095499263;3
1;0;Fig_12.png;12;1;1,417764223568449;3
1;0;Fig_12.png;12;1;1,384544572134757;3
1;0;Fig_13.png;13;0;0,858216204868672;3
1;0;Fig_13.png;13;0;0,517829849726365;3
1;0;Fig_13.png;13;0;0,597442844875488;3
1;0;Fig_13.png;13;0;0,814507989381596;3
1;0;Fig_13.png;13;0;1,249492258535520;3
1;0;Fig_14.png;14;0;0,708091040704811;3
1;0;Fig_14.png;14;0;0,677525218806463;3
1;0;Fig_14.png;14;0;0,407620015659382;3
1;0;Fig_14.png;14;0;1,212276704632743;3
1;0;Fig_14.png;14;0;0,841222580072230;3
1;0;Fig_15.png;15;0;1,465619303593470;3
1;0;Fig_15.png;15;0;0,707449260406425;3
1;0;Fig_15.png;15;0;1,763664801627029;3
1;0;Fig_15.png;15;0;1,673782072107288;3
1;0;Fig_15.png;15;0;2,140673782184905;3
1;0;Fig_16.png;16;0;1,564646618978911;3
1;0;Fig_16.png;16;0;0,897719730642723;3
1;0;Fig_16.png;16;0;1,337883954350744;3
1;0;Fig_16.png;16;0;1,177737592898116;3
1;0;Fig_16.png;16;0;1,619907047396868;3
1;0;Fig_17.png;17;0;0,984364418197587;3
1;0;Fig_17.png;17;0;0,876254989085090;3
1;0;Fig_17.png;17;0;1,332976880046188;3
1;0;Fig_17.png;17;0;1,034800113643324;3
1;0;Fig_17.png;17;0;0,579352621926567;3
1;0;Fig_18.png;18;0;0,736557442630552;3
1;0;Fig_18.png;18;0;1,127881571001470;3
1;0;Fig_18.png;18;0;0,460595310513793;3
1;0;Fig_18.png;18;1;0,912710355220291;3
1;0;Fig_18.png;18;0;1,260015566484188;3
1;0;Fig_19.png;19;0;1,480188377520634;3
1;0;Fig_19.png;19;0;0,489892561210336;3
1;0;Fig_19.png;19;0;0,982162649751583;3
1;0;Fig_19.png;19;0;0,656990663941954;3
1;0;Fig_19.png;19;0;0,539119765574654;3
1;0;Fig_20.png;20;0;1,219200638964713;3
1;0;Fig_20.png;20;0;0,417965657336882;3
1;0;Fig_20.png;20;0;0,921904818033098;3
1;0;Fig_20.png;20;0;1,829652482781609;3
1;0;Fig_20.png;20;0;0,937949525376210;3
1;0;Fig_21.png;21;0;0,876773578348689;3
1;0;Fig_21.png;21;0;1,058883180017535;3
1;0;Fig_21.png;21;0;1,760222766742272;3
1;0;Fig_21.png;21;0;1,244931528454970;3
1;0;Fig_21.png;21;0;1,288232772972518;3
1;0;Fig_1.png;1;1;1,471547976902373;4
1;0;Fig_1.png;1;0;0,833601569652394;4
1;0;Fig_1.png;1;1;0,982902367351446;4
1;0;Fig_1.png;1;1;0,900715615187274;4
1;0;Fig_1.png;1;0;1,813890953588747;4
1;0;Fig_2.png;2;1;0,708572304441463;4
1;0;Fig_2.png;2;1;0,664689497947786;4
1;0;Fig_2.png;2;1;1,074180617749054;4
1;0;Fig_2.png;2;1;0,993738888749330;4
1;0;Fig_2.png;2;1;1,391392413814738;4
1;0;Fig_3.png;3;1;0,887146962500216;4
1;0;Fig_3.png;3;1;0,966373326779046;4
1;0;Fig_3.png;3;1;0,757065927447161;4
1;0;Fig_3.png;3;1;0,663196995008223;4
1;0;Fig_3.png;3;1;1,766510752838202;4
1;0;Fig_4.png;4;1;1,194154909416970;4
1;0;Fig_4.png;4;1;0,982316141847717;4
1;0;Fig_4.png;4;1;0,930861614362137;4
1;0;Fig_4.png;4;0;1,227465607396748;4
1;0;Fig_4.png;4;1;3,761153452938083;4
1;0;Fig_5.png;5;1;1,261696882837439;4
1;0;Fig_5.png;5;1;0,919331923057046;4
1;0;Fig_5.png;5;1;0,322737682223628;4
1;0;Fig_5.png;5;1;0,888492427682728;4
1;0;Fig_5.png;5;1;0,969216745178955;4
1;0;Fig_6.png;6;1;1,127187110971192;4
1;0;Fig_6.png;6;1;1,752918730599127;4
1;0;Fig_6.png;6;1;1,529538019305839;4
1;0;Fig_6.png;6;1;1,868835929548876;4
1;0;Fig_6.png;6;1;1,299026999368093;4
1;0;Fig_7.png;7;0;0,915213074000871;4
1;0;Fig_7.png;7;1;1,148891129338879;4
1;0;Fig_7.png;7;1;1,487244362007817;4
1;0;Fig_7.png;7;1;0,858263888252806;4
1;0;Fig_7.png;7;1;1,376189405490662;4
1;0;Fig_8.png;8;1;0,694281845646872;4
1;0;Fig_8.png;8;1;0,703964863924930;4
1;0;Fig_8.png;8;1;0,831836981855942;4
1;0;Fig_8.png;8;0;1,939988299939585;4
1;0;Fig_8.png;8;1;1,182911824520570;4
1;0;Fig_9.png;9;0;0,934654798897484;4
1;0;Fig_9.png;9;0;2,212359706047051;4
1;0;Fig_9.png;9;0;0,905898695578676;4
1;0;Fig_9.png;9;0;0,649984812865032;4
1;0;Fig_9.png;9;1;1,190484868713964;4
1;0;Fig_10.png;10;0;1,102744707609936;4
1;0;Fig_10.png;10;1;0,979568461658045;4
1;0;Fig_10.png;10;0;0,854714447303192;4
1;0;Fig_10.png;10;0;1,515497807520861;4
1;0;Fig_10.png;10;1;0,932203319777543;4
1;0;Fig_11.png;11;0;1,309291415030965;4
1;0;Fig_11.png;11;0;0,934203339484345;4
1;0;Fig_11.png;11;0;1,446685004791653;4
1;0;Fig_11.png;11;0;1,959356441340448;4
1;0;Fig_11.png;11;0;0,768223403893888;4
1;0;Fig_12.png;12;0;1,181161761911997;4
1;0;Fig_12.png;12;0;1,154763045242268;4
1;0;Fig_12.png;12;0;0,551133971201795;4
1;0;Fig_12.png;12;0;0,501902850292106;4
1;0;Fig_12.png;12;0;0,998510496002367;4
1;0;Fig_13.png;13;0;3,108514898740407;4
1;0;Fig_13.png;13;0;1,838493859101490;4
1;0;Fig_13.png;13;0;1,250772802991860;4
1;0;Fig_13.png;13;0;0,753570865229451;4
1;0;Fig_13.png;13;0;0,615911769112080;4
1;0;Fig_14.png;14;0;1,270984412644010;4
1;0;Fig_14.png;14;1;3,026736086626197;4
1;0;Fig_14.png;14;0;0,753374467567310;4
1;0;Fig_14.png;14;0;0,629460578051192;4
1;0;Fig_14.png;14;0;1,584248597460143;4
1;0;Fig_15.png;15;0;2,278894980598365;4
1;0;Fig_15.png;15;0;1,429989380223275;4
1;0;Fig_15.png;15;0;0,937575109759303;4
1;0;Fig_15.png;15;0;0,895439788325993;4
1;0;Fig_15.png;15;0;1,091144421902206;4
1;0;Fig_16.png;16;0;0,668016699644711;4
1;0;Fig_16.png;16;0;0,953484928683855;4
1;0;Fig_16.png;16;0;0,922686535452694;4
1;0;Fig_16.png;16;0;2,554086681653278;4
1;0;Fig_16.png;16;0;1,311053682153180;4
1;0;Fig_17.png;17;0;1,771237080544910;4
1;0;Fig_17.png;17;0;0,670438934581607;4
1;0;Fig_17.png;17;0;0,812810895509403;4
1;0;Fig_17.png;17;0;1,079362110352937;4
1;0;Fig_17.png;17;0;1,237538695217802;4
1;0;Fig_18.png;18;0;0,865142038623937;4
1;0;Fig_18.png;18;0;0,764428162387167;4
1;0;Fig_18.png;18;0;0,491573004257580;4
1;0;Fig_18.png;18;0;0,742325049316580;4
1;0;Fig_18.png;18;0;0,719149637344890;4
1;0;Fig_19.png;19;0;2,041107646391091;4
1;0;Fig_19.png;19;0;0,760782179217502;4
1;0;Fig_19.png;19;0;1,150353116312824;4
1;0;Fig_19.png;19;0;1,362074340963441;4
1;0;Fig_19.png;19;0;1,022671841766081;4
1;0;Fig_20.png;20;0;0,538349641341724;4
1;0;Fig_20.png;20;0;1,478858617020856;4
1;0;Fig_20.png;20;0;1,743678517637622;4
1;0;Fig_20.png;20;0;0,861014123237617;4
1;0;Fig_20.png;20;0;1,032963888236359;4
1;0;Fig_21.png;21;0;1,068259525614227;4
1;0;Fig_21.png;21;0;1,304922507782400;4
1;0;Fig_21.png;21;0;1,241579017254901;4
1;0;Fig_21.png;21;0;0,749674090120290;4
1;0;Fig_21.png;21;0;0,124261556397964;4
1;0;Fig_1.png;1;1;1,574448958500280;5
1;0;Fig_1.png;1;1;0,896242812073024;5
1;0;Fig_1.png;1;1;0,641420808101394;5
1;0;Fig_1.png;1;1;0,770431679337145;5
1;0;Fig_1.png;1;1;1,607586759476735;5
1;0;Fig_2.png;2;1;0,889751738269230;5
1;0;Fig_2.png;2;1;1,675763633273469;5
1;0;Fig_2.png;2;1;1,317700914035842;5
1;0;Fig_2.png;2;1;1,720025590409567;5
1;0;Fig_2.png;2;1;1,957417764982533;5
1;0;Fig_3.png;3;1;0,569207754167990;5
1;0;Fig_3.png;3;1;0,997333062727308;5
1;0;Fig_3.png;3;1;0,647138167688917;5
1;0;Fig_3.png;3;1;0,938036919656008;5
1;0;Fig_3.png;3;1;0,750349887153104;5
1;0;Fig_4.png;4;1;1,001753344783434;5
1;0;Fig_4.png;4;1;0,978602695736491;5
1;0;Fig_4.png;4;1;0,633446076296322;5
1;0;Fig_4.png;4;1;0,670725553237203;5
1;0;Fig_4.png;4;1;0,570843237722596;5
1;0;Fig_5.png;5;1;1,501328251845553;5
1;0;Fig_5.png;5;1;1,004093210082895;5
1;0;Fig_5.png;5;1;0,673119723392011;5
1;0;Fig_5.png;5;1;0,747956370691922;5
1;0;Fig_5.png;5;0;1,197459398147753;5
1;0;Fig_6.png;6;1;1,063419179054075;5
1;0;Fig_6.png;6;1;0,734336778899546;5
1;0;Fig_6.png;6;1;0,491657194724516;5
1;0;Fig_6.png;6;0;0,852784806128422;5
1;0;Fig_6.png;6;1;0,551897550008543;5
1;0;Fig_7.png;7;0;1,803371902679273;5
1;0;Fig_7.png;7;1;1,460986165846366;5
1;0;Fig_7.png;7;0;1,394686862573936;5
1;0;Fig_7.png;7;0;1,207442582884757;5
1;0;Fig_7.png;7;1;0,988333073470322;5
1;0;Fig_8.png;8;1;0,895130310137382;5
1;0;Fig_8.png;8;0;1,945518267791026;5
1;0;Fig_8.png;8;0;1,198685685451726;5
1;0;Fig_8.png;8;1;0,762110389342304;5
1;0;Fig_8.png;8;1;0,677057557610547;5
1;0;Fig_9.png;9;0;2,344130057953635;5
1;0;Fig_9.png;9;0;1,585789209294671;5
1;0;Fig_9.png;9;0;0,887666675254297;5
1;0;Fig_9.png;9;0;1,189322791299864;5
1;0;Fig_9.png;9;0;0,959860511411340;5
1;0;Fig_10.png;10;0;0,779973263279706;5
1;0;Fig_10.png;10;0;0,695006373228887;5
1;0;Fig_10.png;10;0;1,891500218625054;5
1;0;Fig_10.png;10;0;0,992048097954272;5
1;0;Fig_10.png;10;0;1,800891166986748;5
1;0;Fig_11.png;11;0;1,449244688817604;5
1;0;Fig_11.png;11;0;0,845315258281316;5
1;0;Fig_11.png;11;0;1,855801416724133;5
1;0;Fig_11.png;11;0;1,518904966613006;5
1;0;Fig_11.png;11;0;1,086798565158137;5
1;0;Fig_12.png;12;0;1,153672457283214;5
1;0;Fig_12.png;12;0;0,620419029774062;5
1;0;Fig_12.png;12;0;0,895397575153686;5
1;0;Fig_12.png;12;0;1,153271041824655;5
1;0;Fig_12.png;12;0;1,555492774917637;5
1;0;Fig_13.png;13;0;1,166111555996621;5
1;0;Fig_13.png;13;0;1,378870648071009;5
1;0;Fig_13.png;13;0;1,308058775011952;5
1;0;Fig_13.png;13;0;1,453381129130550;5
1;0;Fig_13.png;13;0;0,981226860404402;5
1;0;Fig_14.png;14;0;1,029269624689420;5
1;0;Fig_14.png;14;0;0,974830880184840;5
1;0;Fig_14.png;14;0;1,413923631050446;5
1;0;Fig_14.png;14;0;1,333049256627283;5
1;0;Fig_14.png;14;0;3,177795251132796;5
1;0;Fig_15.png;15;0;1,584797790204812;5
1;0;Fig_15.png;15;0;2,645446296211574;5
1;0;Fig_15.png;15;0;0,584156718438184;5
1;0;Fig_15.png;15;0;0,869351950886513;5
1;0;Fig_15.png;15;0;1,191067707535120;5
1;0;Fig_16.png;16;0;0,874092811260171;5
1;0;Fig_16.png;16;0;1,285426656985460;5
1;0;Fig_16.png;16;0;0,766735282605315;5
1;0;Fig_16.png;16;0;2,848164927456290;5
1;0;Fig_16.png;16;0;2,132305203593087;5
1;0;Fig_17.png;17;0;0,780665495578413;5
1;0;Fig_17.png;17;0;0,393105260056799;5
1;0;Fig_17.png;17;0;0,720253306300974;5
1;0;Fig_17.png;17;0;0,790467532052693;5
1;0;Fig_17.png;17;0;1,724203525819915;5
1;0;Fig_18.png;18;0;0,509944262225881;5
1;0;Fig_18.png;18;0;2,631390537121558;5
1;0;Fig_18.png;18;0;1,351387916181589;5
1;0;Fig_18.png;18;0;2,336669208403662;5
1;0;Fig_18.png;18;0;0,833521130162282;5
1;0;Fig_19.png;19;0;1,622884751567519;5
1;0;Fig_19.png;19;0;1,080035275526228;5
1;0;Fig_19.png;19;0;1,007137899110764;5
1;0;Fig_19.png;19;0;0,667780246283221;5
1;0;Fig_19.png;19;0;1,408127048752538;5
1;0;Fig_20.png;20;0;1,195240669043480;5
1;0;Fig_20.png;20;0;0,700935657072674;5
1;0;Fig_20.png;20;0;2,949543119253219;5
1;0;Fig_20.png;20;0;0,923389719798753;5
1;0;Fig_20.png;20;0;1,193411710048890;5
1;0;Fig_21.png;21;0;0,816267782040899;5
1;0;Fig_21.png;21;0;1,434466882350462;5
1;0;Fig_21.png;21;0;2,547172206701869;5
1;0;Fig_21.png;21;0;1,710640318238582;5
1;0;Fig_21.png;21;0;2,279792175996125;5
1;0;Fig_1.png;1;1;1,651597487414902;6
1;0;Fig_1.png;1;1;0,874985889128235;6
1;0;Fig_1.png;1;1;1,439693058969706;6
1;0;Fig_1.png;1;1;1,176539007160785;6
1;0;Fig_1.png;1;1;1,417204594185067;6
1;0;Fig_2.png;2;1;0,841550996673571;6
1;0;Fig_2.png;2;1;0,939191216154875;6
1;0;Fig_2.png;2;0;1,360600525405111;6
1;0;Fig_2.png;2;1;0,890821556303913;6
1;0;Fig_2.png;2;1;2,510057857254579;6
1;0;Fig_3.png;3;1;0,798312270007903;6
1;0;Fig_3.png;3;0;1,662724580686444;6
1;0;Fig_3.png;3;1;1,866791893748958;6
1;0;Fig_3.png;3;1;0,603977198915004;6
1;0;Fig_3.png;3;1;0,695381233645094;6
1;0;Fig_4.png;4;1;1,146451222977502;6
1;0;Fig_4.png;4;1;0,642110901061046;6
1;0;Fig_4.png;4;1;1,894245361411272;6
1;0;Fig_4.png;4;1;0,804352708218685;6
1;0;Fig_4.png;4;1;1,012860872876160;6
1;0;Fig_5.png;5;1;0,842175339926999;6
1;0;Fig_5.png;5;1;1,515819379928714;6
1;0;Fig_5.png;5;1;1,326293324377183;6
1;0;Fig_5.png;5;1;0,672218244017928;6
1;0;Fig_5.png;5;1;0,632777475604037;6
1;0;Fig_6.png;6;0;0,659533237311916;6
1;0;Fig_6.png;6;1;1,360424825239929;6
1;0;Fig_6.png;6;1;1,554957062086417;6
1;0;Fig_6.png;6;1;1,204435733628996;6
1;0;Fig_6.png;6;1;0,709964516644373;6
1;0;Fig_7.png;7;1;1,156171034304268;6
1;0;Fig_7.png;7;1;1,634106429931435;6
1;0;Fig_7.png;7;0;0,547586408150015;6
1;0;Fig_7.png;7;1;0,690341078202499;6
1;0;Fig_7.png;7;1;0,682660924339950;6
1;0;Fig_8.png;8;1;1,595496693964258;6
1;0;Fig_8.png;8;1;0,472736155953025;6
1;0;Fig_8.png;8;0;0,899270687421657;6
1;0;Fig_8.png;8;1;1,183409544888908;6
1;0;Fig_8.png;8;0;2,486314573086437;6
1;0;Fig_9.png;9;0;2,181419775377299;6
1;0;Fig_9.png;9;0;0,529521633790127;6
1;0;Fig_9.png;9;1;0,341947982664707;6
1;0;Fig_9.png;9;0;1,838103765428258;6
1;0;Fig_9.png;9;0;0,740967425896823;6
1;0;Fig_10.png;10;0;0,574428891877697;6
1;0;Fig_10.png;10;0;0,834651160705862;6
1;0;Fig_10.png;10;0;1,119496069434341;6
1;0;Fig_10.png;10;1;1,104245872955401;6
1;0;Fig_10.png;10;0;2,802458336411071;6
1;0;Fig_11.png;11;0;1,256601712187416;6
1;0;Fig_11.png;11;0;0,904906485776995;6
1;0;Fig_11.png;11;0;1,864748316473103;6
1;0;Fig_11.png;11;0;0,939558285752781;6
1;0;Fig_11.png;11;0;0,663003479153772;6
1;0;Fig_12.png;12;0;1,253246735827147;6
1;0;Fig_12.png;12;0;1,194816589432729;6
1;0;Fig_12.png;12;0;0,825368678006568;6
1;0;Fig_12.png;12;1;1,495547879108521;6
1;0;Fig_12.png;12;0;1,209345472496918;6
1;0;Fig_13.png;13;0;1,781119409265684;6
1;0;Fig_13.png;13;0;0,681604622241321;6
1;0;Fig_13.png;13;0;1,365030881363130;6
1;0;Fig_13.png;13;0;1,780213138241659;6
1;0;Fig_13.png;13;0;1,216602881977522;6
1;0;Fig_14.png;14;0;1,063692760500990;6
1;0;Fig_14.png;14;0;1,187326077371296;6
1;0;Fig_14.png;14;0;1,013116051781919;6
1;0;Fig_14.png;14;0;1,138663228423081;6
1;0;Fig_14.png;14;0;0,963311907903580;6
1;0;Fig_15.png;15;0;1,120820563850674;6
1;0;Fig_15.png;15;0;1,082050704891036;6
1;0;Fig_15.png;15;0;1,011157746183837;6
1;0;Fig_15.png;15;0;0,497119090569246;6
1;0;Fig_15.png;15;0;0,476533336615023;6
1;0;Fig_16.png;16;0;1,817647731443086;6
1;0;Fig_16.png;16;0;1,440257449607647;6
1;0;Fig_16.png;16;0;1,191509735386114;6
1;0;Fig_16.png;16;0;1,073874696208505;6
1;0;Fig_16.png;16;0;0,838132411661212;6
1;0;Fig_17.png;17;0;0,806715637350421;6
1;0;Fig_17.png;17;1;1,126989564416869;6
1;0;Fig_17.png;17;1;0,924400164232205;6
1;0;Fig_17.png;17;0;1,024934406715708;6
1;0;Fig_17.png;17;0;2,387116441094208;6
1;0;Fig_18.png;18;0;2,092891713783679;6
1;0;Fig_18.png;18;0;0,585081179468479;6
1;0;Fig_18.png;18;0;0,777013265505623;6
1;0;Fig_18.png;18;0;0,738767138047067;6
1;0;Fig_18.png;18;0;1,091955996356084;6
1;0;Fig_19.png;19;0;1,393512675588946;6
1;0;Fig_19.png;19;0;1,206298829115776;6
1;0;Fig_19.png;19;0;2,893853515976769;6
1;0;Fig_19.png;19;0;3,116914097654849;6
1;0;Fig_19.png;19;0;1,869996687540547;6
1;0;Fig_20.png;20;0;2,147554791009076;6
1;0;Fig_20.png;20;1;1,651795522155213;6
1;0;Fig_20.png;20;0;0,592415188812548;6
1;0;Fig_20.png;20;0;1,033223339002060;6
1;0;Fig_20.png;20;0;1,360768781129606;6
1;0;Fig_21.png;21;0;2,729711150566563;6
1;0;Fig_21.png;21;1;1,262074379366872;6
1;0;Fig_21.png;21;0;1,943454726354297;6
1;0;Fig_21.png;21;0;0,966283206006297;6
1;0;Fig_21.png;21;0;2,378302059504164;6
1;0;Fig_1.png;1;1;1,651880073879885;7
1;0;Fig_1.png;1;0;0,561423371813389;7
1;0;Fig_1.png;1;1;1,308345644958723;7
1;0;Fig_1.png;1;1;0,580160792045600;7
1;0;Fig_1.png;1;1;2,125931584338275;7
1;0;Fig_2.png;2;0;0,957440645639518;7
1;0;Fig_2.png;2;0;1,100407630174404;7
1;0;Fig_2.png;2;1;1,047784740501142;7
1;0;Fig_2.png;2;1;1,433819601487694;7
1;0;Fig_2.png;2;1;0,983553327150495;7
1;0;Fig_3.png;3;0;1,128198716173676;7
1;0;Fig_3.png;3;1;0,498814581335717;7
1;0;Fig_3.png;3;1;1,440239161081178;7
1;0;Fig_3.png;3;0;0,837211871824877;7
1;0;Fig_3.png;3;1;1,705799031276477;7
1;0;Fig_4.png;4;1;2,535161986775745;7
1;0;Fig_4.png;4;1;0,749764921525850;7
1;0;Fig_4.png;4;1;1,312990820711765;7
1;0;Fig_4.png;4;1;1,533302616385257;7
1;0;Fig_4.png;4;1;1,130069078435644;7
1;0;Fig_5.png;5;0;0,901634182996926;7
1;0;Fig_5.png;5;1;1,105769262878764;7
1;0;Fig_5.png;5;1;1,125279542360745;7
1;0;Fig_5.png;5;1;1,354934333112539;7
1;0;Fig_5.png;5;1;2,504659192100928;7
1;0;Fig_6.png;6;1;1,428578422900030;7
1;0;Fig_6.png;6;1;1,104489475220199;7
1;0;Fig_6.png;6;1;1,657752120808471;7
1;0;Fig_6.png;6;1;0,474214370013914;7
1;0;Fig_6.png;6;1;0,874273782141596;7
1;0;Fig_7.png;7;1;2,055892298470420;7
1;0;Fig_7.png;7;1;1,247144196432149;7
1;0;Fig_7.png;7;1;0,743017354880276;7
1;0;Fig_7.png;7;0;1,839417003171570;7
1;0;Fig_7.png;7;1;0,836463212293168;7
1;0;Fig_8.png;8;1;1,717484643075792;7
1;0;Fig_8.png;8;1;0,665344238077258;7
1;0;Fig_8.png;8;0;1,595970065538586;7
1;0;Fig_8.png;8;0;0,851561946301490;7
1;0;Fig_8.png;8;0;0,840095475840465;7
1;0;Fig_9.png;9;1;0,660229487622928;7
1;0;Fig_9.png;9;0;1,165910497148519;7
1;0;Fig_9.png;9;1;1,364593558217609;7
1;0;Fig_9.png;9;1;1,926990239838567;7
1;0;Fig_9.png;9;0;0,675876017148761;7
1;0;Fig_10.png;10;0;1,023178332257325;7
1;0;Fig_10.png;10;0;0,630065338658376;7
1;0;Fig_10.png;10;0;1,719183010109555;7
1;0;Fig_10.png;10;0;3,109891897296786;7
1;0;Fig_10.png;10;0;1,346150539170671;7
1;0;Fig_11.png;11;0;1,306471065306021;7
1;0;Fig_11.png;11;0;0,804122111014859;7
1;0;Fig_11.png;11;0;1,144553912677497;7
1;0;Fig_11.png;11;0;1,127104518008268;7
1;0;Fig_11.png;11;0;1,010019108200528;7
1;0;Fig_12.png;12;0;0,912231391432037;7
1;0;Fig_12.png;12;0;1,263941476052638;7
1;0;Fig_12.png;12;0;1,236631777949141;7
1;0;Fig_12.png;12;0;1,678350263433989;7
1;0;Fig_12.png;12;0;1,585619404164568;7
1;0;Fig_13.png;13;0;0,690167921639076;7
1;0;Fig_13.png;13;0;0,637101641133812;7
1;0;Fig_13.png;13;0;1,139075500829501;7
1;0;Fig_13.png;13;0;1,040975633750252;7
1;0;Fig_13.png;13;0;0,626023850904819;7
1;0;Fig_14.png;14;0;2,387927704339158;7
1;0;Fig_14.png;14;0;0,912204358219450;7
1;0;Fig_14.png;14;0;0,584569646822564;7
1;0;Fig_14.png;14;0;0,996761893387284;7
1;0;Fig_14.png;14;0;1,337419845020584;7
1;0;Fig_15.png;15;0;1,047752810096851;7
1;0;Fig_15.png;15;0;2,193617978343362;7
1;0;Fig_15.png;15;0;1,445156256588054;7
1;0;Fig_15.png;15;0;0,398039446723687;7
1;0;Fig_15.png;15;0;0,877632193450650;7
1;0;Fig_16.png;16;0;2,131147932957180;7
1;0;Fig_16.png;16;0;0,455860080505855;7
1;0;Fig_16.png;16;0;1,852372478128437;7
1;0;Fig_16.png;16;0;2,664941888999457;7
1;0;Fig_16.png;16;1;2,537871317885055;7
1;0;Fig_17.png;17;0;1,725878974700185;7
1;0;Fig_17.png;17;0;1,185229631895296;7
1;0;Fig_17.png;17;0;0,866073282791304;7
1;0;Fig_17.png;17;0;1,229754127965989;7
1;0;Fig_17.png;17;0;0,765999521687513;7
1;0;Fig_18.png;18;0;0,692897998513616;7
1;0;Fig_18.png;18;0;0,744907344975062;7
1;0;Fig_18.png;18;0;0,733556212836679;7
1;0;Fig_18.png;18;0;0,852240986667609;7
1;0;Fig_18.png;18;0;0,947374172345062;7
1;0;Fig_19.png;19;0;0,518498891422216;7
1;0;Fig_19.png;19;0;1,428025660053745;7
1;0;Fig_19.png;19;0;1,421050943019703;7
1;0;Fig_19.png;19;0;2,692679705344363;7
1;0;Fig_19.png;19;0;1,256113328229991;7
1;0;Fig_20.png;20;0;0,457135514394198;7
1;0;Fig_20.png;20;0;1,513952857389022;7
1;0;Fig_20.png;20;0;0,845402629418288;7
1;0;Fig_20.png;20;1;1,551994773527310;7
1;0;Fig_20.png;20;0;0,689193998500745;7
1;0;Fig_21.png;21;0;1,038834775220286;7
1;0;Fig_21.png;21;0;1,483748758802035;7
1;0;Fig_21.png;21;0;0,695184795888229;7
1;0;Fig_21.png;21;0;1,213572946826620;7
1;0;Fig_21.png;21;0;2,412475419258506;7
1;0;Fig_1.png;1;1;0,858784672962871;8
1;0;Fig_1.png;1;1;1,105582446100930;8
1;0;Fig_1.png;1;1;0,787557163046808;8
1;0;Fig_1.png;1;1;0,922646680132738;8
1;0;Fig_1.png;1;1;1,259623577181625;8
1;0;Fig_2.png;2;1;1,721156800850391;8
1;0;Fig_2.png;2;1;0,954138791610532;8
1;0;Fig_2.png;2;1;0,951592868428637;8
1;0;Fig_2.png;2;1;0,827068951040865;8
1;0;Fig_2.png;2;1;0,337356577276243;8
1;0;Fig_3.png;3;1;0,995482798047547;8
1;0;Fig_3.png;3;1;1,062700548338010;8
1;0;Fig_3.png;3;1;0,564849463595644;8
1;0;Fig_3.png;3;1;0,959668306143902;8
1;0;Fig_3.png;3;1;1,580466270733937;8
1;0;Fig_4.png;4;1;0,628188480878335;8
1;0;Fig_4.png;4;1;0,523769419630998;8
1;0;Fig_4.png;4;1;0,796583456736560;8
1;0;Fig_4.png;4;1;1,298593371219454;8
1;0;Fig_4.png;4;1;0,766607639814459;8
1;0;Fig_5.png;5;1;1,699127953701849;8
1;0;Fig_5.png;5;1;0,976983317233424;8
1;0;Fig_5.png;5;1;1,095797510825073;8
1;0;Fig_5.png;5;1;1,870632233673823;8
1;0;Fig_5.png;5;1;0,620631469436592;8
1;0;Fig_6.png;6;1;0,720510617994979;8
1;0;Fig_6.png;6;1;0,852301473460199;8
1;0;Fig_6.png;6;1;0,963788720728876;8
1;0;Fig_6.png;6;1;0,819179495561771;8
1;0;Fig_6.png;6;1;0,911114291170510;8
1;0;Fig_7.png;7;1;0,920330877551945;8
1;0;Fig_7.png;7;1;1,143006450889979;8
1;0;Fig_7.png;7;0;0,586470395557569;8
1;0;Fig_7.png;7;1;1,707479892711311;8
1;0;Fig_7.png;7;1;0,968981495470884;8
1;0;Fig_8.png;8;0;0,767260740253235;8
1;0;Fig_8.png;8;1;0,812102771658647;8
1;0;Fig_8.png;8;1;1,260820629380474;8
1;0;Fig_8.png;8;0;0,575788511916145;8
1;0;Fig_8.png;8;1;1,373937686433804;8
1;0;Fig_9.png;9;0;1,353733237093473;8
1;0;Fig_9.png;9;0;0,960278460540633;8
1;0;Fig_9.png;9;1;1,028833309892472;8
1;0;Fig_9.png;9;0;0,590035094887561;8
1;0;Fig_9.png;9;1;1,415719145781942;8
1;0;Fig_10.png;10;0;0,567094023330984;8
1;0;Fig_10.png;10;0;1,321759152003883;8
1;0;Fig_10.png;10;0;1,053942755768791;8
1;0;Fig_10.png;10;0;0,883911170235485;8
1;0;Fig_10.png;10;0;1,155518448620422;8
1;0;Fig_11.png;11;0;1,030791598395948;8
1;0;Fig_11.png;11;0;1,614690485321257;8
1;0;Fig_11.png;11;0;0,885808471939377;8
1;0;Fig_11.png;11;1;0,767856947105531;8
1;0;Fig_11.png;11;0;1,222546680792310;8
1;0;Fig_12.png;12;0;1,473259750069978;8
1;0;Fig_12.png;12;0;0,456250269290048;8
1;0;Fig_12.png;12;0;0,795827264812472;8
1;0;Fig_12.png;12;0;0,431353520742150;8
1;0;Fig_12.png;12;0;1,228435745944600;8
1;0;Fig_13.png;13;0;0,746366420007417;8
1;0;Fig_13.png;13;0;1,742734216471985;8
1;0;Fig_13.png;13;1;2,557795261861057;8
1;0;Fig_13.png;13;0;0,913488518421589;8
1;0;Fig_13.png;13;0;1,767435918411955;8
1;0;Fig_14.png;14;0;1,094888966689129;8
1;0;Fig_14.png;14;0;1,988177584669673;8
1;0;Fig_14.png;14;0;0,775823835279532;8
1;0;Fig_14.png;14;0;1,523004322529738;8
1;0;Fig_14.png;14;0;0,857184251768713;8
1;0;Fig_15.png;15;0;1,073577277779108;8
1;0;Fig_15.png;15;0;1,392150329454962;8
1;0;Fig_15.png;15;0;0,720758819343543;8
1;0;Fig_15.png;15;0;0,925926020776086;8
1;0;Fig_15.png;15;0;1,908761066512854;8
1;0;Fig_16.png;16;0;0,858825754613741;8
1;0;Fig_16.png;16;0;1,063196253263952;8
1;0;Fig_16.png;16;0;1,685714671735829;8
1;0;Fig_16.png;16;0;1,539627834098041;8
1;0;Fig_16.png;16;0;1,565919506056993;8
1;0;Fig_17.png;17;0;0,328519463627505;8
1;0;Fig_17.png;17;0;0,389354427245132;8
1;0;Fig_17.png;17;0;1,152256605613120;8
1;0;Fig_17.png;17;0;1,282749487044070;8
1;0;Fig_17.png;17;0;0,543200265807393;8
1;0;Fig_18.png;18;0;0,645801361256469;8
1;0;Fig_18.png;18;0;1,023860573240107;8
1;0;Fig_18.png;18;0;0,460165011990325;8
1;0;Fig_18.png;18;0;1,114140450798933;8
1;0;Fig_18.png;18;0;1,277559594153722;8
1;0;Fig_19.png;19;0;2,429889694497235;8
1;0;Fig_19.png;19;1;1,573455119864998;8
1;0;Fig_19.png;19;0;0,798514294396294;8
1;0;Fig_19.png;19;0;1,825900980923391;8
1;0;Fig_19.png;19;0;0,542055160715189;8
1;0;Fig_20.png;20;0;0,493686364958418;8
1;0;Fig_20.png;20;0;1,308706995936050;8
1;0;Fig_20.png;20;0;2,129148158716672;8
1;0;Fig_20.png;20;0;0,978073153002307;8
1;0;Fig_20.png;20;0;1,789690176188107;8
1;0;Fig_21.png;21;0;1,159489690494389;8
1;0;Fig_21.png;21;0;1,787796568978605;8
1;0;Fig_21.png;21;0;0,919917005506846;8
1;0;Fig_21.png;21;0;1,049741622664210;8
1;0;Fig_21.png;21;0;2,955893886505925;8
1;0;Fig_1.png;1;1;0,884802347456157;9
1;0;Fig_1.png;1;1;2,354336663788714;9
1;0;Fig_1.png;1;1;1,308541261830938;9
1;0;Fig_1.png;1;1;0,766099644445227;9
1;0;Fig_1.png;1;1;1,105194670599060;9
1;0;Fig_2.png;2;1;1,302316919021162;9
1;0;Fig_2.png;2;1;0,978036905185032;9
1;0;Fig_2.png;2;1;1,164910683899247;9
1;0;Fig_2.png;2;1;0,457038063203751;9
1;0;Fig_2.png;2;1;1,615592197561222;9
1;0;Fig_3.png;3;1;0,688182751611054;9
1;0;Fig_3.png;3;1;0,519480093111267;9
1;0;Fig_3.png;3;1;0,453244270785836;9
1;0;Fig_3.png;3;1;1,447803155571664;9
1;0;Fig_3.png;3;1;0,564773184161406;9
1;0;Fig_4.png;4;1;1,829006199129327;9
1;0;Fig_4.png;4;1;1,319035282351741;9
1;0;Fig_4.png;4;1;1,351272531268177;9
1;0;Fig_4.png;4;1;0,820176816381344;9
1;0;Fig_4.png;4;1;0,975371586836562;9
1;0;Fig_5.png;5;1;0,937929752909035;9
1;0;Fig_5.png;5;1;1,530480680695304;9
1;0;Fig_5.png;5;0;1,079695520761081;9
1;0;Fig_5.png;5;1;1,604371248031114;9
1;0;Fig_5.png;5;1;0,971730603871341;9
1;0;Fig_6.png;6;1;0,780171452207187;9
1;0;Fig_6.png;6;1;0,753287792128269;9
1;0;Fig_6.png;6;1;1,007604485284110;9
1;0;Fig_6.png;6;1;1,943228210456627;9
1;0;Fig_6.png;6;1;2,235483835537432;9
1;0;Fig_7.png;7;1;1,066994633587131;9
1;0;Fig_7.png;7;1;1,251686864722126;9
1;0;Fig_7.png;7;1;0,547260174554120;9
1;0;Fig_7.png;7;1;1,628404474432043;9
1;0;Fig_7.png;7;1;1,282676695856967;9
1;0;Fig_8.png;8;1;1,277298441207932;9
1;0;Fig_8.png;8;1;1,280035984144068;9
1;0;Fig_8.png;8;1;0,703819380034028;9
1;0;Fig_8.png;8;1;2,979163485543057;9
1;0;Fig_8.png;8;1;1,355239761807837;9
1;0;Fig_9.png;9;0;0,750087433887515;9
1;0;Fig_9.png;9;1;0,798813979434683;9
1;0;Fig_9.png;9;1;1,697032921071836;9
1;0;Fig_9.png;9;0;0,778392896611101;9
1;0;Fig_9.png;9;0;1,286593384130569;9
1;0;Fig_10.png;10;0;1,633283854691385;9
1;0;Fig_10.png;10;1;3,042073924650882;9
1;0;Fig_10.png;10;0;0,376082020406878;9
1;0;Fig_10.png;10;1;0,968694219530761;9
1;0;Fig_10.png;10;0;1,664361639188737;9
1;0;Fig_11.png;11;0;2,455719546417528;9
1;0;Fig_11.png;11;0;0,477596623976078;9
1;0;Fig_11.png;11;0;0,888599477455761;9
1;0;Fig_11.png;11;0;0,798115380072192;9
1;0;Fig_11.png;11;0;1,253710278988674;9
1;0;Fig_12.png;12;0;0,463478296624625;9
1;0;Fig_12.png;12;0;1,449288250915752;9
1;0;Fig_12.png;12;0;0,835769227888456;9
1;0;Fig_12.png;12;0;1,458809632817392;9
1;0;Fig_12.png;12;0;1,330905243728862;9
1;0;Fig_13.png;13;0;1,123200285373341;9
1;0;Fig_13.png;13;0;1,429823780275771;9
1;0;Fig_13.png;13;0;0,787941738284112;9
1;0;Fig_13.png;13;0;1,625681234399022;9
1;0;Fig_13.png;13;0;0,581570211010234;9
1;0;Fig_14.png;14;0;0,888044332601493;9
1;0;Fig_14.png;14;0;0,573420002610109;9
1;0;Fig_14.png;14;0;1,054027959753802;9
1;0;Fig_14.png;14;0;0,929280412467853;9
1;0;Fig_14.png;14;0;0,811229918850162;9
1;0;Fig_15.png;15;0;1,194747114258464;9
1;0;Fig_15.png;15;0;1,318369535732600;9
1;0;Fig_15.png;15;0;1,113923745517484;9
1;0;Fig_15.png;15;0;2,418653961437130;9
1;0;Fig_15.png;15;0;1,442629758009886;9
1;0;Fig_16.png;16;0;1,423855521837304;9
1;0;Fig_16.png;16;0;1,584669766201121;9
1;0;Fig_16.png;16;0;1,416415515387661;9
1;0;Fig_16.png;16;0;1,035593176728435;9
1;0;Fig_16.png;16;0;1,970364849118834;9
1;0;Fig_17.png;17;0;0,812681872228775;9
1;0;Fig_17.png;17;0;1,012068945015519;9
1;0;Fig_17.png;17;0;1,653867183548179;9
1;0;Fig_17.png;17;0;1,195090602342510;9
1;0;Fig_17.png;17;0;1,214831958067817;9
1;0;Fig_18.png;18;0;0,810373614602550;9
1;0;Fig_18.png;18;0;0,498844745023347;9
1;0;Fig_18.png;18;0;1,196960490056839;9
1;0;Fig_18.png;18;0;0,851167439332376;9
1;0;Fig_18.png;18;0;1,190866759311276;9
1;0;Fig_19.png;19;0;1,056724441912325;9
1;0;Fig_19.png;19;0;1,073245692905089;9
1;0;Fig_19.png;19;0;1,524751085503864;9
1;0;Fig_19.png;19;0;1,689241525354364;9
1;0;Fig_19.png;19;0;1,056424641635563;9
1;0;Fig_20.png;20;0;1,387352191025889;9
1;0;Fig_20.png;20;0;1,029312262522416;9
1;0;Fig_20.png;20;0;2,058858575940210;9
1;0;Fig_20.png;20;0;1,230125384900754;9
1;0;Fig_20.png;20;0;1,420054712785373;9
1;0;Fig_21.png;21;0;1,427660605895448;9
1;0;Fig_21.png;21;0;1,064052430084418;9
1;0;Fig_21.png;21;0;1,248165772194686;9
1;0;Fig_21.png;21;0;1,084457855620328;9
1;0;Fig_21.png;21;0;3,270286483525543;9
1;0;Fig_1.png;1;1;1,930270443179333;10
1;0;Fig_1.png;1;1;0,577680907609774;10
1;0;Fig_1.png;1;1;0,793007311801418;10
1;0;Fig_1.png;1;1;0,879173543116832;10
1;0;Fig_1.png;1;1;0,972992898832805;10
1;0;Fig_2.png;2;1;1,097485559009384;10
1;0;Fig_2.png;2;1;1,066945362995649;10
1;0;Fig_2.png;2;1;0,996477565917550;10
1;0;Fig_2.png;2;1;2,248220582266450;10
1;0;Fig_2.png;2;1;1,421099125082260;10
1;0;Fig_3.png;3;1;1,712299945943030;10
1;0;Fig_3.png;3;1;1,489007497280714;10
1;0;Fig_3.png;3;1;4,830352488354600;10
1;0;Fig_3.png;3;1;0,789850782564627;10
1;0;Fig_3.png;3;1;1,007185323383278;10
1;0;Fig_4.png;4;1;0,718800934930618;10
1;0;Fig_4.png;4;1;0,617383000560124;10
1;0;Fig_4.png;4;1;0,729235705671476;10
1;0;Fig_4.png;4;1;1,173094570554621;10
1;0;Fig_4.png;4;1;0,546060876157772;10
1;0;Fig_5.png;5;1;0,811482191843489;10
1;0;Fig_5.png;5;1;0,830150258616250;10
1;0;Fig_5.png;5;1;1,193734803702166;10
1;0;Fig_5.png;5;1;1,043710171816120;10
1;0;Fig_5.png;5;1;1,161081566959106;10
1;0;Fig_6.png;6;1;0,726748556721348;10
1;0;Fig_6.png;6;1;1,134225732626245;10
1;0;Fig_6.png;6;1;0,837631014392913;10
1;0;Fig_6.png;6;1;1,123749180016124;10
1;0;Fig_6.png;6;1;1,320630194468342;10
1;0;Fig_7.png;7;1;0,936788148030912;10
1;0;Fig_7.png;7;1;1,508506778752552;10
1;0;Fig_7.png;7;1;1,338997126268935;10
1;0;Fig_7.png;7;0;1,479944916404666;10
1;0;Fig_7.png;7;1;1,636091088148509;10
1;0;Fig_8.png;8;0;1,801685424820164;10
1;0;Fig_8.png;8;1;0,378300437841378;10
1;0;Fig_8.png;8;0;0,993975441049819;10
1;0;Fig_8.png;8;1;1,526469329574694;10
1;0;Fig_8.png;8;0;0,618959795050154;10
1;0;Fig_9.png;9;1;1,178738765206127;10
1;0;Fig_9.png;9;0;1,338334112788862;10
1;0;Fig_9.png;9;0;0,576589734202220;10
1;0;Fig_9.png;9;1;1,331335530418068;10
1;0;Fig_9.png;9;1;0,730639136271719;10
1;0;Fig_10.png;10;0;1,251296058736022;10
1;0;Fig_10.png;10;0;1,168102151822490;10
1;0;Fig_10.png;10;0;0,874329137551647;10
1;0;Fig_10.png;10;0;0,657735422141787;10
1;0;Fig_10.png;10;0;0,398886169021820;10
1;0;Fig_11.png;11;0;0,473904579206039;10
1;0;Fig_11.png;11;0;1,204715820337394;10
1;0;Fig_11.png;11;0;1,266603029896481;10
1;0;Fig_11.png;11;0;0,672657579918886;10
1;0;Fig_11.png;11;0;1,604772185553335;10
1;0;Fig_12.png;12;0;1,166913672908272;10
1;0;Fig_12.png;12;0;1,191765902742446;10
1;0;Fig_12.png;12;0;0,903359169788725;10
1;0;Fig_12.png;12;0;0,961862328877085;10
1;0;Fig_12.png;12;0;1,187792961784757;10
1;0;Fig_13.png;13;0;0,903741162055560;10
1;0;Fig_13.png;13;0;1,351863828210637;10
1;0;Fig_13.png;13;0;1,045679872802985;10
1;0;Fig_13.png;13;0;1,145586481710427;10
1;0;Fig_13.png;13;0;1,680467213158682;10
1;0;Fig_14.png;14;0;0,818634390429313;10
1;0;Fig_14.png;14;0;1,650357414820202;10
1;0;Fig_14.png;14;0;1,271413036584788;10
1;0;Fig_14.png;14;1;0,902234451585653;10
1;0;Fig_14.png;14;0;0,666077740669730;10
1;0;Fig_15.png;15;0;1,291909518576458;10
1;0;Fig_15.png;15;0;0,774204740414484;10
1;0;Fig_15.png;15;0;1,743194943476964;10
1;0;Fig_15.png;15;0;1,279846347318041;10
1;0;Fig_15.png;15;0;2,833111467519602;10
1;0;Fig_16.png;16;0;0,900386815051494;10
1;0;Fig_16.png;16;0;1,227943003343840;10
1;0;Fig_16.png;16;0;0,768941433678956;10
1;0;Fig_16.png;16;0;0,747731254555679;10
1;0;Fig_16.png;16;0;1,513722111084426;10
1;0;Fig_17.png;17;0;0,610037565755329;10
1;0;Fig_17.png;17;0;1,971528722669299;10
1;0;Fig_17.png;17;0;2,141215092333371;10
1;0;Fig_17.png;17;0;1,379008926584676;10
1;0;Fig_17.png;17;0;0,965360062149037;10
1;0;Fig_18.png;18;0;0,717666795980867;10
1;0;Fig_18.png;18;0;0,792384509915124;10
1;0;Fig_18.png;18;0;0,575769149496366;10
1;0;Fig_18.png;18;0;0,835532148571376;10
1;0;Fig_18.png;18;0;0,881578856737700;10
1;0;Fig_19.png;19;0;2,337371585337416;10
1;0;Fig_19.png;19;0;3,367193663095045;10
1;0;Fig_19.png;19;0;2,546176572777304;10
1;0;Fig_19.png;19;0;1,135991812485313;10
1;0;Fig_19.png;19;0;0,880709828696147;10
1;0;Fig_20.png;20;0;1,353492860526195;10
1;0;Fig_20.png;20;0;1,040537034881743;10
1;0;Fig_20.png;20;0;3,056568618559647;10
1;0;Fig_20.png;20;0;1,664980715410700;10
1;0;Fig_20.png;20;0;0,562298432570169;10
1;0;Fig_21.png;21;0;0,529407197805265;10
1;0;Fig_21.png;21;0;0,594584288422201;10
1;0;Fig_21.png;21;0;2,818354906549394;10
1;0;Fig_21.png;21;0;1,485351736186580;10
1;0;Fig_21.png;21;1;0,540096297095084;10
1;0;Fig_1.png;1;1;0,914909737338941;11
1;0;Fig_1.png;1;1;1,049936505871661;11
1;0;Fig_1.png;1;1;0,882187930155231;11
1;0;Fig_1.png;1;1;1,881307350054793;11
1;0;Fig_1.png;1;1;1,889865347712934;11
1;0;Fig_2.png;2;1;0,569456860725148;11
1;0;Fig_2.png;2;1;0,688497270852615;11
1;0;Fig_2.png;2;1;0,463792602340516;11
1;0;Fig_2.png;2;1;1,026730519285738;11
1;0;Fig_2.png;2;1;1,157633559317406;11
1;0;Fig_3.png;3;1;1,454364044372165;11
1;0;Fig_3.png;3;1;1,530588415155467;11
1;0;Fig_3.png;3;1;0,857927540472457;11
1;0;Fig_3.png;3;1;0,660821301010303;11
1;0;Fig_3.png;3;1;0,840965698414978;11
1;0;Fig_4.png;4;1;1,529796267340894;11
1;0;Fig_4.png;4;1;0,749042992204047;11
1;0;Fig_4.png;4;1;1,161227222662296;11
1;0;Fig_4.png;4;1;0,888941400509614;11
1;0;Fig_4.png;4;1;1,523516789830454;11
1;0;Fig_5.png;5;1;0,990291312282562;11
1;0;Fig_5.png;5;1;1,630045124411114;11
1;0;Fig_5.png;5;1;0,849450991652416;11
1;0;Fig_5.png;5;1;1,916924226072705;11
1;0;Fig_5.png;5;0;0,793876463545510;11
1;0;Fig_6.png;6;1;0,876024208970163;11
1;0;Fig_6.png;6;1;0,814880676023798;11
1;0;Fig_6.png;6;1;1,449117739836227;11
1;0;Fig_6.png;6;1;0,438342951751210;11
1;0;Fig_6.png;6;1;2,604269691291478;11
1;0;Fig_7.png;7;1;0,672680914480189;11
1;0;Fig_7.png;7;1;0,861546651603570;11
1;0;Fig_7.png;7;1;0,809971499474343;11
1;0;Fig_7.png;7;1;1,652290560036378;11
1;0;Fig_7.png;7;1;1,310361940695201;11
1;0;Fig_8.png;8;1;1,379930214079186;11
1;0;Fig_8.png;8;1;0,986349507424440;11
1;0;Fig_8.png;8;1;1,308313205580455;11
1;0;Fig_8.png;8;1;0,885270496183376;11
1;0;Fig_8.png;8;1;1,772089438318049;11
1;0;Fig_9.png;9;1;1,836197742681531;11
1;0;Fig_9.png;9;1;0,765423714271580;11
1;0;Fig_9.png;9;1;0,673418171198776;11
1;0;Fig_9.png;9;0;0,819041001463442;11
1;0;Fig_9.png;9;0;1,937851828933192;11
1;0;Fig_10.png;10;1;1,954851104524647;11
1;0;Fig_10.png;10;1;0,661625467686476;11
1;0;Fig_10.png;10;1;0,950380814743760;11
1;0;Fig_10.png;10;0;1,529032984894039;11
1;0;Fig_10.png;10;0;0,809923738000751;11
1;0;Fig_11.png;11;0;0,693320610806386;11
1;0;Fig_11.png;11;0;0,633536499284162;11
1;0;Fig_11.png;11;0;0,700209201542483;11
1;0;Fig_11.png;11;0;1,371023726320078;11
1;0;Fig_11.png;11;1;0,694197037456072;11
1;0;Fig_12.png;12;0;0,701211579022056;11
1;0;Fig_12.png;12;0;1,430955587197392;11
1;0;Fig_12.png;12;0;2,000486057687390;11
1;0;Fig_12.png;12;0;0,352841635244485;11
1;0;Fig_12.png;12;0;0,669955061850126;11
1;0;Fig_13.png;13;0;1,097206067576741;11
1;0;Fig_13.png;13;0;2,054283747444340;11
1;0;Fig_13.png;13;0;0,552542796447354;11
1;0;Fig_13.png;13;0;0,709486145578947;11
1;0;Fig_13.png;13;0;1,303468911376190;11
1;0;Fig_14.png;14;0;1,487339622273993;11
1;0;Fig_14.png;14;0;1,303689802134105;11
1;0;Fig_14.png;14;0;1,051230009329578;11
1;0;Fig_14.png;14;0;0,771677454065126;11
1;0;Fig_14.png;14;0;0,780700415363100;11
1;0;Fig_15.png;15;0;0,962250774411369;11
1;0;Fig_15.png;15;0;1,083648815304397;11
1;0;Fig_15.png;15;0;1,264612649254479;11
1;0;Fig_15.png;15;0;1,245417953423751;11
1;0;Fig_15.png;15;0;0,468273446995894;11
1;0;Fig_16.png;16;0;1,303553429299954;11
1;0;Fig_16.png;16;0;0,911064578688167;11
1;0;Fig_16.png;16;0;1,258061395099097;11
1;0;Fig_16.png;16;0;1,282522011700072;11
1;0;Fig_16.png;16;0;1,852211903495649;11
1;0;Fig_17.png;17;0;1,167782985289661;11
1;0;Fig_17.png;17;0;1,155934271308659;11
1;0;Fig_17.png;17;0;1,231689371527644;11
1;0;Fig_17.png;17;0;0,575756143325944;11
1;0;Fig_17.png;17;0;0,954713240227822;11
1;0;Fig_18.png;18;0;1,194146313196603;11
1;0;Fig_18.png;18;0;2,145231657273485;11
1;0;Fig_18.png;18;0;1,254970069293963;11
1;0;Fig_18.png;18;0;1,086162589596174;11
1;0;Fig_18.png;18;0;1,264635336823644;11
1;0;Fig_19.png;19;0;3,206711222949022;11
1;0;Fig_19.png;19;0;1,241683827033136;11
1;0;Fig_19.png;19;0;1,232786241497930;11
1;0;Fig_19.png;19;0;0,715937649724525;11
1;0;Fig_19.png;19;0;1,708825120423255;11
1;0;Fig_20.png;20;0;0,911799389429016;11
1;0;Fig_20.png;20;0;2,038803605112450;11
1;0;Fig_20.png;20;0;1,234858257948438;11
1;0;Fig_20.png;20;0;1,285079101430404;11
1;0;Fig_20.png;20;0;0,521266804816363;11
1;0;Fig_21.png;21;0;1,943746237463474;11
1;0;Fig_21.png;21;0;1,028743332204654;11
1;0;Fig_21.png;21;0;0,540515289194067;11
1;0;Fig_21.png;21;0;1,939601845728367;11
1;0;Fig_21.png;21;0;0,543780279584551;11
1;0;Fig_1.png;1;1;0,923359055541223;12
1;0;Fig_1.png;1;1;1,708297326409283;12
1;0;Fig_1.png;1;1;0,778493255885513;12
1;0;Fig_1.png;1;1;1,517676491189739;12
1;0;Fig_1.png;1;1;1,175154881651186;12
1;0;Fig_2.png;2;1;0,809652405008220;12
1;0;Fig_2.png;2;1;1,329331798194912;12
1;0;Fig_2.png;2;1;0,995769719891538;12
1;0;Fig_2.png;2;1;1,308796118467116;12
1;0;Fig_2.png;2;1;1,136799069958977;12
1;0;Fig_3.png;3;1;1,553614315799239;12
1;0;Fig_3.png;3;1;0,882743089060772;12
1;0;Fig_3.png;3;1;1,139244415870537;12
1;0;Fig_3.png;3;1;0,470417227066605;12
1;0;Fig_3.png;3;1;1,502993419240795;12
1;0;Fig_4.png;4;1;1,296003246275049;12
1;0;Fig_4.png;4;1;0,609903557587640;12
1;0;Fig_4.png;4;1;1,432794394555395;12
1;0;Fig_4.png;4;1;1,123121737038351;12
1;0;Fig_4.png;4;1;0,675700887452883;12
1;0;Fig_5.png;5;1;1,043803913069469;12
1;0;Fig_5.png;5;1;0,870712156605970;12
1;0;Fig_5.png;5;1;1,327100624661181;12
1;0;Fig_5.png;5;1;1,669277743844223;12
1;0;Fig_5.png;5;1;0,729892778576457;12
1;0;Fig_6.png;6;1;1,637639617744641;12
1;0;Fig_6.png;6;1;0,925891186859857;12
1;0;Fig_6.png;6;1;2,357930109575772;12
1;0;Fig_6.png;6;1;1,312488098473900;12
1;0;Fig_6.png;6;1;0,844576832072364;12
1;0;Fig_7.png;7;1;0,832413060663431;12
1;0;Fig_7.png;7;0;1,120168141546042;12
1;0;Fig_7.png;7;1;1,360437951980786;12
1;0;Fig_7.png;7;1;1,391156231154960;12
1;0;Fig_7.png;7;0;1,876649386965242;12
1;0;Fig_8.png;8;0;1,002828767287618;12
1;0;Fig_8.png;8;0;1,335801192041604;12
1;0;Fig_8.png;8;0;0,997738092089285;12
1;0;Fig_8.png;8;0;0,531491967430995;12
1;0;Fig_8.png;8;1;0,882035748963539;12
1;0;Fig_9.png;9;0;0,982348454523429;12
1;0;Fig_9.png;9;1;1,817412660220518;12
1;0;Fig_9.png;9;0;1,193799331155262;12
1;0;Fig_9.png;9;0;1,565607165500863;12
1;0;Fig_9.png;9;0;0,809184415206909;12
1;0;Fig_10.png;10;1;0,453004573269383;12
1;0;Fig_10.png;10;0;0,851524026424633;12
1;0;Fig_10.png;10;0;1,062197750176713;12
1;0;Fig_10.png;10;0;1,126374599006668;12
1;0;Fig_10.png;10;0;1,035553529835420;12
1;0;Fig_11.png;11;0;0,800094244088333;12
1;0;Fig_11.png;11;0;1,717942124062925;12
1;0;Fig_11.png;11;0;0,574825768569745;12
1;0;Fig_11.png;11;0;2,480705531524793;12
1;0;Fig_11.png;11;0;1,220653400411758;12
1;0;Fig_12.png;12;0;2,280729968112209;12
1;0;Fig_12.png;12;0;1,349368498617443;12
1;0;Fig_12.png;12;0;0,760143849871584;12
1;0;Fig_12.png;12;0;2,523289299167758;12
1;0;Fig_12.png;12;0;1,027482333149019;12
1;0;Fig_13.png;13;0;0,845435687859904;12
1;0;Fig_13.png;13;0;0,825940062828131;12
1;0;Fig_13.png;13;0;0,636957762702010;12
1;0;Fig_13.png;13;0;0,556787133544272;12
1;0;Fig_13.png;13;0;0,472269856278962;12
1;0;Fig_14.png;14;0;1,017341033218170;12
1;0;Fig_14.png;14;0;2,060616059054844;12
1;0;Fig_14.png;14;0;1,052931979863807;12
1;0;Fig_14.png;14;0;1,050139819299622;12
1;0;Fig_14.png;14;1;0,462114093924773;12
1;0;Fig_15.png;15;0;0,667348706359550;12
1;0;Fig_15.png;15;0;1,207630697230493;12
1;0;Fig_15.png;15;0;1,210164052813881;12
1;0;Fig_15.png;15;0;3,422721560076649;12
1;0;Fig_15.png;15;0;1,191966945416311;12
1;0;Fig_16.png;16;0;1,197109070783851;12
1;0;Fig_16.png;16;0;1,155667239355494;12
1;0;Fig_16.png;16;0;1,278176272492140;12
1;0;Fig_16.png;16;0;0,914964033033763;12
1;0;Fig_16.png;16;0;1,437658216045498;12
1;0;Fig_17.png;17;0;2,494062407601320;12
1;0;Fig_17.png;17;0;0,989038127781895;12
1;0;Fig_17.png;17;0;1,085029476938376;12
1;0;Fig_17.png;17;0;1,437694553782920;12
1;0;Fig_17.png;17;0;1,186535114384729;12
1;0;Fig_18.png;18;0;1,286533740380725;12
1;0;Fig_18.png;18;0;0,738670592519040;12
1;0;Fig_18.png;18;0;0,565434664102899;12
1;0;Fig_18.png;18;0;0,934433684420177;12
1;0;Fig_18.png;18;0;1,619286662849138;12
1;0;Fig_19.png;19;0;1,010580880061215;12
1;0;Fig_19.png;19;0;0,858897842219063;12
1;0;Fig_19.png;19;0;1,340997717292683;12
1;0;Fig_19.png;19;0;1,161406649931932;12
1;0;Fig_19.png;19;0;3,841539730440505;12
1;0;Fig_20.png;20;0;1,429486479491655;12
1;0;Fig_20.png;20;0;1,307194071017727;12
1;0;Fig_20.png;20;1;2,225132826128107;12
1;0;Fig_20.png;20;0;0,507386796269669;12
1;0;Fig_20.png;20;0;1,282080501917534;12
1;0;Fig_21.png;21;0;1,322876438948765;12
1;0;Fig_21.png;21;0;1,759474784484154;12
1;0;Fig_21.png;21;0;0,866662033240738;12
1;0;Fig_21.png;21;0;0,741944616075289;12
1;0;Fig_21.png;21;0;0,645132028344253;12
